Airline,DepartureDelay,ArrivalDelay
American,35.833333333333336,32.5
Delta,33.214285714285715,31.071428571428573
Southwest,14.166666666666666,9.583333333333334
United,39.583333333333336,37.916666666666664
