Airline,AverageDelay,TotalFlights
American,34.16666666666667,12
Delta,32.142857142857146,14
Southwest,11.875,12
United,38.75,12
